srch_yn,org_nm,cycle,stat_nm,stat_cd,p_stat_cd,base_dt,batch_log_idx
N,,,1.통화 및 유동성지표,000Y005,*,20220324,1189
Y,,MM,1.1.주요 통화금융지표,010Y002,000Y005,20220324,1189
N,,,1.2.본원통화,000Y074,000Y005,20220324,1189
N,,,1.2.1 본원통화 구성내역,000Y701,000Y074,20220324,1189
Y,,MM,1.2.1.1 본원통화 구성내역,054Y407,000Y701,20220324,1189
Y,,MM,1.2.1.2 본원통화 구성내역,054Y007,000Y701,20220324,1189
N,,,1.2.2 본원통화 구성내역,000Y702,000Y074,20220324,1189
Y,,MM,1.2.2.1 본원통화 구성내역,054Y408,000Y702,20220324,1189
Y,,MM,1.2.2.2 본원통화 구성내역,054Y008,000Y702,20220324,1189
N,,,1.3.M2,000Y006,000Y005,20220324,1189
N,,,1.3.1 M2 상품별구성내역,000Y703,000Y006,20220324,1189
Y,,MM,1.3.1.1 M2 상품별구성내역,001Y406,000Y703,20220324,1189
Y,,MM,1.3.1.2 M2 상품별구성내역,001Y006,000Y703,20220324,1189
N,,,1.3.2 M2 상품별구성내역,000Y704,000Y006,20220324,1189
Y,,MM,1.3.2.1 M2 상품별구성내역,001Y407,000Y704,20220324,1189
Y,,MM,1.3.2.2 M2 상품별구성내역,001Y007,000Y704,20220324,1189
N,,,1.3.3 M2 경제주체별 보유현황,000Y705,000Y006,20220324,1189
Y,,MM,1.3.3.1 M2 경제주체별 보유현황,001Y450,000Y705,20220324,1189
Y,,MM,1.3.3.2 M2 경제주체별 보유현황,001Y452,000Y705,20220324,1189
N,,,1.3.4 M2 경제주체별 보유현황,000Y706,000Y006,20220324,1189
Y,,MM,1.3.4.1 M2 경제주체별 보유현황,001Y451,000Y706,20220324,1189
Y,,MM,1.3.4.2 M2 경제주체별 보유현황,001Y453,000Y706,20220324,1189
Y,,MM,1.3.5 M2 기관별구성내역,001Y008,000Y006,20220324,1189
Y,,MM,1.3.6 M2 기관별구성내역,001Y009,000Y006,20220324,1189
Y,,MM,1.4.예금취급기관 개관표  ,001Y003,000Y005,20220324,1189
Y,,MM,1.4.1 중앙은행 개관표,001Y004,001Y003,20220324,1189
Y,,MM,1.4.2 기타예금취급기관 개관표,001Y005,001Y003,20220324,1189
N,,,1.5.Lf  관련통계,000Y042,000Y005,20220324,1189
N,,,1.5.1 Lf 상품별구성내역,000Y707,000Y042,20220324,1189
Y,,MM,1.5.1.1 Lf 상품별구성내역,075Y401,000Y707,20220324,1189
Y,,MM,1.5.1.2 Lf 상품별 구성내역,075Y001,000Y707,20220324,1189
N,,,1.5.2 Lf 상품별구성내역,000Y708,000Y042,20220324,1189
Y,,MM,1.5.2.1 Lf 상품별구성내역,075Y402,000Y708,20220324,1189
Y,,MM,1.5.2.2 Lf 상품별 구성내역,075Y002,000Y708,20220324,1189
Y,,MM,1.5.3 Lf 기관별 구성내역,075Y003,000Y042,20220324,1189
Y,,MM,1.5.4 Lf 기관별 구성내역,075Y004,000Y042,20220324,1189
N,,,1.6.L구성내역,000Y709,000Y005,20220324,1189
Y,,MM,1.6.1 L 구성내역,076Y401,000Y709,20220324,1189
Y,,MM,1.6.2 L 구성  내역,076Y001,000Y709,20220324,1189
N,,,2.한국은행 주요계정 및 기준금리,000Y055,*,20220324,1189
Y,,MM,2.1.한국은행 주요계정  ,054Y001,000Y055,20220324,1189
Y,,MM,2.2.화폐발행잔액,054Y002,000Y055,20220324,1189
Y,,MM,2.3.예금은행 지급준비액  ,050Y001,000Y055,20220324,1189
Y,,HM,2.4.예금은행 지급준비액  ,050Y002,000Y055,20220324,1189
Y,,MM,2.5.한국은행 원화대출금,054Y005,000Y055,20220324,1189
Y,,DD,2.6.한국은행 기준금리 및 여수신금리,098Y001,000Y055,20220324,1189
N,,,3.예금/대출금/기타금융,000Y007,*,20220324,1189
N,,,3.1.예금은행 수신,000Y057,000Y007,20220324,1189
Y,,MM,3.1.1 예금은행 종별예금,001Y011,000Y057,20220324,1189
Y,,MM,3.1.2 예금은행 종별예금,001Y048,000Y057,20220324,1189
Y,,MM,3.1.3 예금은행 예금주별예금,001Y051,000Y057,20220324,1189
Y,,MM,3.1.4 예금은행 기간별 정기예금,001Y052,000Y057,20220324,1189
Y,,MM,3.1.5 예금은행 총수신,004Y013,000Y057,20220324,1189
Y,,MM,3.1.6 예금은행 총수신,004Y014,000Y057,20220324,1189
Y,,MM,3.2.예금은행 자금별  대출금,001Y012,000Y007,20220324,1189
N,,,3.3.산업별대출금,000Y600,000Y007,20220324,1189
N,,,3.3.1 예금취급기관,000Y601,000Y600,20220324,1189
Y,,QQ,3.3.1.1 산업별대출금,007Y020,000Y601,20220324,1189
Y,,QQ,3.3.1.2 시설자금,007Y021,000Y601,20220324,1189
N,,,3.3.2 예금은행,000Y602,000Y600,20220324,1189
Y,,QQ,3.3.2.1 산업별대출금,007Y014,000Y602,20220324,1189
Y,,QQ,3.3.2.2 시설자금 ,007Y015,000Y602,20220324,1189
Y,,QQ,3.3.2.3 기업형태별,007Y114,000Y602,20220324,1189
N,,,3.3.3 예금은행 지역별,000Y603,000Y600,20220324,1189
Y,,QQ,3.3.3.1 총대출금,087Y001,000Y603,20220324,1189
Y,,QQ,3.3.3.2 시설자금,087Y003,000Y603,20220324,1189
N,,,3.3.4 비은행예금취급기관,000Y604,000Y600,20220324,1189
Y,,QQ,3.3.4.1 산업별대출금,007Y016,000Y604,20220324,1189
Y,,QQ,3.3.4.2 시설자금,007Y018,000Y604,20220324,1189
N,,,3.4.비은행금융기관 수신  및 여신,000Y043,000Y007,20220324,1189
Y,,MM,3.4.1 비은행기관 수신,075Y005,000Y043,20220324,1189
Y,,MM,3.4.2 비은행기관 수신,075Y006,000Y043,20220324,1189
Y,,MM,3.4.3 비은행기관 여신,075Y008,000Y043,20220324,1189
N,,,3.5.지역별 여수신,000Y061,000Y007,20220324,1189
N,,,3.5.1 예금은행 수신 및 여신,000Y062,000Y061,20220324,1189
Y,,MM,3.5.1.1 예금은행 지역별예금,088Y002,000Y062,20220324,1189
Y,,MM,3.5.1.2 예금은행 지역별대출금,088Y003,000Y062,20220324,1189
Y,,MM,3.5.1.3 예금은행 기업대출금,088Y004,000Y062,20220324,1189
N,,,3.5.2 비은행예금취급기관 수신 및 여신,000Y063,000Y061,20220324,1189
Y,,MM,3.5.2.1 비은행예금취급기관 수신,088Y011,000Y063,20220324,1189
Y,,MM,3.5.2.2 비은행예금취급기관 여신,088Y012,000Y063,20220324,1189
Y,,MM,3.5.2.3 비은행예금취급기관 기업대출금,088Y015,000Y063,20220324,1189
N,,,3.5.3 생명보험회사 수신 및 여신,000Y064,000Y061,20220324,1189
Y,,MM,3.5.3.1 생명보험회사 수신,088Y013,000Y064,20220324,1189
Y,,MM,3.5.3.2 생명보험회사 여신,088Y014,000Y064,20220324,1189
N,,,3.6.가계신용,000Y065,000Y007,20220324,1189
Y,,QQ,3.6.1 가계신용,008Y001,000Y065,20220324,1189
Y,,MM,3.6.2 예금취급기관의 가계대출,008Y002,000Y065,20220324,1189
Y,,MM,3.6.3 예금취급기관의 가계대출 지역별,008Y003,000Y065,20220324,1189
N,,,3.7.기타금융통계,000Y305,000Y007,20220324,1189
Y,,MM,3.7.1 예금은행 예금회전율,011Y001,000Y305,20220324,1189
Y,금융감독원,QQ,3.7.2 금융기관 점포 및 인원현황,085Y001,000Y305,20220324,1189
Y,금융감독원,MM,3.7.3 은행대출금 연체율,085Y002,000Y305,20220324,1189
Y,생명보험협회,MM,3.7.4 보험계약실적,085Y010,000Y305,20220324,1189
Y,,HY,3.7.5 예금규모별 계좌 및 금액,009Y014,000Y305,20220324,1189
N,,,4.금 리,000Y008,*,20220324,1189
N,,,4.1.시장금리,000Y077,000Y008,20220324,1189
Y,,DD,4.1.1 시장금리,060Y001,000Y077,20220324,1189
Y,,MM,4.1.2 시장금리,028Y001,000Y077,20220324,1189
N,,,4.2.예금은행  가중평균금리,000Y078,000Y008,20220324,1189
N,,,4.2.1 수신금리,000Y091,000Y078,20220324,1189
Y,,MM,4.2.1.1 신규취급액 기준,005Y001,000Y091,20220324,1189
Y,,MM,4.2.1.2 잔액 기준,005Y005,000Y091,20220324,1189
N,,,4.2.2 대출금리,000Y092,000Y078,20220324,1189
Y,,MM,4.2.2.1 신규취급액 기준,005Y003,000Y092,20220324,1189
Y,,MM,4.2.2.2 잔액 기준,005Y006,000Y092,20220324,1189
Y,,MM,4.3.예금은행 금리수준별 여수신 비중,005Y010,000Y008,20220324,1189
N,,,4.4.예금은행 고정 및 특정 금리연동대출 비중,000Y119,000Y008,20220324,1189
Y,,MM,4.4.1 신규취급액 기준,005Y011,000Y119,20220324,1189
Y,,MM,4.4.2 잔액 기준,005Y012,000Y119,20220324,1189
N,,,4.5.비은행금융기관  가중평균금리,000Y079,000Y008,20220324,1189
Y,,MM,4.5.1 수신금리,005Y002,000Y079,20220324,1189
Y,,MM,4.5.2 대출금리,005Y004,000Y079,20220324,1189
N,,,5.지급결제,000Y009,*,20220324,1189
N,,,5.1.어음교환 및 부도,000Y075,000Y009,20220324,1189
Y,,MM,5.1.1 어음교환 및 부도,028Y102,000Y075,20220324,1189
Y,,MM,5.1.2 지역별 어음부도율,028Y110,000Y075,20220324,1189
Y,,MM,5.2.한은금융망,028Y105,000Y009,20220324,1189
Y,,MM,5.3.지로시스템,028Y103,000Y009,20220324,1189
Y,,MM,5.4.금융공동망,028Y104,000Y009,20220324,1189
N,,,5.5.BIS기준통계,000Y109,000Y009,20220324,1189
Y,,MM,5.5.1 결제시스템별 통계,043Y050,000Y109,20220324,1189
Y,,MM,5.5.2 지급수단별 통계,043Y051,000Y109,20220324,1189
N,,,5.6.전자금융통계,000Y209,000Y009,20220324,1189
Y,,QQ,5.6.1 인터넷뱅킹,043Y052,000Y209,20220324,1189
Y,,QQ,5.6.2 전자어음,043Y053,000Y209,20220324,1189
Y,,QQ,5.6.3 전자화폐,043Y054,000Y209,20220324,1189
N,,,5.6.4 전자지급서비스,000Y249,000Y209,20220324,1189
Y,,QQ,5.6.4.1 전자지급결제대행,043Y064,000Y249,20220324,1189
Y,,QQ,5.6.4.2 결제대금예치,043Y065,000Y249,20220324,1189
Y,,QQ,5.6.4.3 선불전자지급수단,043Y066,000Y249,20220324,1189
Y,,QQ,5.6.4.4 전자고지결제,043Y067,000Y249,20220324,1189
Y,,QQ,5.6.4.5 직불전자지급수단,043Y068,000Y249,20220324,1189
N,,,5.7.회계시스템통계,000Y309,000Y009,20220324,1189
Y,,MM,5.7.1 한은금융망결제통계표,043Y055,000Y309,20220324,1189
Y,,MM,5.7.2 지급결제동향,043Y057,000Y309,20220324,1189
N,,,5.8.신용카드,043Y700,000Y009,20220324,1189
Y,,MM,5.8.1 신용카드,043Y013,043Y700,20220324,1189
Y,,MM,5.8.2 지역별 소비유형별 개인 신용카드,043Y070,043Y700,20220324,1189
Y,여신금융협회,YY,5.8.3 가맹점,043Y071,043Y700,20220324,1189
N,,,5.9.금융정보화 통계,000Y900,000Y009,20220324,1189
N,,,5.9.1 은행,000Y910,000Y900,20220324,1189
Y,,YY,5.9.1.1 전산직원 현황,106Y001,000Y910,20220324,1189
Y,,YY,5.9.1.2 전산사무기기 현황,106Y002,000Y910,20220324,1189
Y,,YY,5.9.1.3 전산예산현황,106Y003,000Y910,20220324,1189
Y,,YY,5.9.1.4 전자금융서비스현황,106Y004,000Y910,20220324,1189
Y,,YY,5.9.1.5 CD/ATM 현황,106Y005,000Y910,20220324,1189
Y,,YY,5.9.1.6 직불카드 발급 및 이용현황,106Y006,000Y910,20220324,1189
Y,,YY,5.9.1.7 체크카드 발급 및 이용현황,106Y007,000Y910,20220324,1189
Y,,YY,5.9.1.8 금융공동망현황,106Y008,000Y910,20220324,1189
Y,,YY,5.9.1.9 금융공동망의 외부정보망과의 접속현황,106Y009,000Y910,20220324,1189
N,,,5.9.2 증권,000Y920,000Y900,20220324,1189
Y,,YY,5.9.2.1 전산직원 현황,106Y101,000Y920,20220324,1189
Y,,YY,5.9.2.2 전산사무기기현황,106Y102,000Y920,20220324,1189
Y,,YY,5.9.2.3 전산예산현황,106Y103,000Y920,20220324,1189
Y,,YY,5.9.2.4 전자금융서비스현황,106Y104,000Y920,20220324,1189
Y,,YY,5.9.2.5 자체 CD/ATM,106Y105,000Y920,20220324,1189
Y,,YY,5.9.2.6 증권정보망,106Y106,000Y920,20220324,1189
N,,,5.9.3 보험,000Y930,000Y900,20220324,1189
Y,,YY,5.9.3.1 전산직원현황,106Y201,000Y930,20220324,1189
Y,,YY,5.9.3.2 전산사무기기현황,106Y202,000Y930,20220324,1189
Y,,YY,5.9.3.3 전산예산현황,106Y203,000Y930,20220324,1189
Y,,YY,5.9.3.4 전자금융서비스현황,106Y204,000Y930,20220324,1189
Y,,YY,5.9.3.5 공동이용시스템이용실적,106Y205,000Y930,20220324,1189
N,,,5.9.4 기타,000Y940,000Y900,20220324,1189
Y,,YY,5.9.4.1 전산직원현황,106Y301,000Y940,20220324,1189
Y,,YY,5.9.4.2 전산사무기기현황,106Y302,000Y940,20220324,1189
Y,,YY,5.9.4.3 전산예산현황,106Y303,000Y940,20220324,1189
N,,,6.증권/재정,000Y028,*,20220324,1189
N,,,6.1.주식거래 및 주가지수,000Y076,000Y028,20220324,1189
Y,한국거래소,DD,6.1.1 주식시장,064Y001,000Y076,20220324,1189
Y,한국거래소,MM,6.1.2 주식거래 및 주가지수,028Y015,000Y076,20220324,1189
Y,한국거래소,MM,6.1.3 투자자별 주식거래,085Y004,000Y076,20220324,1189
Y,금융투자협회,MM,6.1.4 증시주변자금동향,085Y005,000Y076,20220324,1189
Y,한국거래소,MM,6.1.5 주가지수선물거래,085Y007,000Y076,20220324,1189
Y,한국거래소,MM,6.1.6 주가지수옵션거래,085Y008,000Y076,20220324,1189
Y,한국거래소,MM,6.2.채권거래,028Y022,000Y028,20220324,1189
Y,,MM,6.3.주요 국공채 발행 및   잔액,028Y007,000Y028,20220324,1189
N,,,6.4.재정,000Y032,000Y028,20220324,1189
Y,기획재정부,MM,6.4.1 통합재정수지,028Y009,000Y032,20220324,1189
Y,기획재정부,YY,6.4.2 조세징수액,085Y050,000Y032,20220324,1189
N,,,7.물 가,000Y020,*,20220324,1189
N,,,7.1.생산자물가지수,000Y221,000Y020,20220324,1189
Y,,MM,7.1.1 생산자물가지수,013Y202,000Y221,20220324,1189
Y,,MM,7.1.2 생산자물가지수,013Y203,000Y221,20220324,1189
Y,,MM,7.1.3 생산자물가지수,013Y204,000Y221,20220324,1189
Y,,MM,7.1.4 생산자물가지수-총지수,013Y208,000Y221,20220324,1189
Y,,MM,7.2.국내공급물가지수,017Y201,000Y020,20220324,1189
Y,,MM,7.3.총산출물가지수,017Y202,000Y020,20220324,1189
N,,,7.4. 소비자물가지수,000Y125,000Y020,20220324,1189
Y,통계청,MM,7.4.1 소비자물가지수,021Y125,000Y125,20220324,1189
Y,통계청,MM,7.4.2 소비자물가지수,021Y126,000Y125,20220324,1189
N,,,7.5.수출물가지수,000Y319,000Y020,20220324,1189
Y,,MM,7.5.1 수출물가지수,019Y301,000Y319,20220324,1189
Y,,MM,7.5.2 수출물가지수,019Y302,000Y319,20220324,1189
Y,,MM,7.5.3 수출물가지수,019Y303,000Y319,20220324,1189
N,,,7.6.수입물가지수,000Y318,000Y020,20220324,1189
Y,,MM,7.6.1 수입물가지수,018Y301,000Y318,20220324,1189
Y,,MM,7.6.2 수입물가지수,018Y302,000Y318,20220324,1189
Y,,MM,7.6.3 수입물가지수,018Y303,000Y318,20220324,1189
Y,,MM,7.6.4 수입물가지수,018Y304,000Y318,20220324,1189
N,,,7.7.기타가격지수,000Y120,000Y020,20220324,1189
Y,KB국민은행,MM,7.7.1 주택매매가격지수,085Y021,000Y120,20220324,1189
Y,KB국민은행,MM,7.7.2 주택전세가격지수,085Y022,000Y120,20220324,1189
Y,한국부동산원,MM,7.7.3 지역별 지가변동률,085Y023,000Y120,20220324,1189
Y,한국부동산원,MM,7.7.4 유형별 주택매매가격지수,085Y069,000Y120,20220324,1189
Y,한국부동산원,MM,7.7.5 유형별 주택전세가격지수,085Y070,000Y120,20220324,1189
Y,한국부동산원,MM,7.7.6 유형별 주택월세통합가격지수,085Y071,000Y120,20220324,1189
Y,한국부동산원,MM,7.7.7 아파트 매매 실거래가격지수,085Y064,000Y120,20220324,1189
Y,한국부동산원,QQ,7.7.8 상권별 오피스 임대가격지수,085Y072,000Y120,20220324,1189
Y,한국부동산원,QQ,7.7.9 상권별 중대형 상가 임대가격지수,085Y073,000Y120,20220324,1189
N,,,8.국제수지/외채/환율,000Y011,*,20220324,1189
N,,,8.1.국제수지,000Y211,000Y011,20220324,1189
Y,,MM,8.1.1 국제수지,022Y013,000Y211,20220324,1189
Y,,MM,8.1.2 계절변동조정 경상수지,022Y113,000Y211,20220324,1189
Y,,MM,8.1.3 서비스무역세분류통계,022Y014,000Y211,20220324,1189
N,,,8.1.4 지식재산권 무역수지,000Y222,000Y211,20220324,1189
N,,,8.1.4.1 제10차 한국표준산업분류,000Y223,000Y222,20220324,1189
Y,,QQ,8.1.4.1.1 지식재산권 무역수지,022Y117,000Y223,20220324,1189
Y,,QQ,8.1.4.1.2 지식재산권 무역수지,022Y118,000Y223,20220324,1189
Y,,QQ,8.1.4.1.3 지식재산권 무역수지,022Y119,000Y223,20220324,1189
Y,,QQ,8.1.4.1.4 지식재산권 무역수지,022Y120,000Y223,20220324,1189
Y,,YY,8.1.4.1.5 지식재산권 무역수지,022Y121,000Y223,20220324,1189
Y,,YY,8.1.4.1.6 지식재산권 무역수지,022Y122,000Y223,20220324,1189
Y,,YY,8.1.4.1.7 지식재산권 무역수지,022Y123,000Y223,20220324,1189
Y,,YY,8.1.4.1.8 지식재산권 무역수지,022Y124,000Y223,20220324,1189
Y,,YY,8.1.4.1.9 지식재산권 무역수지,022Y125,000Y223,20220324,1189
Y,,YY,8.1.4.1.10 지식재산권 무역수지,022Y126,000Y223,20220324,1189
N,,,8.1.4.2 제9차 한국표준산업분류,000Y224,000Y222,20220324,1189
Y,,QQ,8.1.4.2.1 지식재산권 무역수지,022Y017,000Y224,20220324,1189
Y,,QQ,8.1.4.2.2 지식재산권 무역수지,022Y018,000Y224,20220324,1189
Y,,QQ,8.1.4.2.3 지식재산권 무역수지,022Y019,000Y224,20220324,1189
Y,,QQ,8.1.4.2.4 지식재산권 무역수지,022Y020,000Y224,20220324,1189
Y,,YY,8.1.4.2.5 지식재산권 무역수지,022Y021,000Y224,20220324,1189
Y,,YY,8.1.4.2.6 지식재산권 무역수지,022Y022,000Y224,20220324,1189
Y,,YY,8.1.4.2.7 지식재산권 무역수지,022Y023,000Y224,20220324,1189
Y,,YY,8.1.4.2.8 지식재산권 무역수지,022Y024,000Y224,20220324,1189
Y,,YY,8.1.4.2.9 지식재산권 무역수지,022Y025,000Y224,20220324,1189
Y,,YY,8.1.4.2.10 지식재산권 무역수지,022Y026,000Y224,20220324,1189
N,,,8.1.5 수출 결제통화,000Y215,000Y211,20220324,1189
Y,,QQ,8.1.5.1 지역별 결제통화,022Y007,000Y215,20220324,1189
Y,,QQ,8.1.5.2 국가별 결제통화,022Y008,000Y215,20220324,1189
Y,,QQ,8.1.5.3 지역별,022Y009,000Y215,20220324,1189
N,,,8.1.6 수입 결제통화,000Y216,000Y211,20220324,1189
Y,,QQ,8.1.6.1 지역별 결제통화,022Y010,000Y216,20220324,1189
Y,,QQ,8.1.6.2 국가별 결제통화,022Y011,000Y216,20220324,1189
Y,,QQ,8.1.6.3 지역별국가별 원화결제,022Y012,000Y216,20220324,1189
N,,,8.2.지역별 국제수지,000Y073,000Y011,20220324,1189
Y,,YY,8.2.1 지역별 경상수지,022Y015,000Y073,20220324,1189
Y,,YY,8.2.2 지역별 자본수지·금융계정,022Y016,000Y073,20220324,1189
N,,,8.3.통관기준 수출입,000Y014,000Y011,20220324,1189
Y,한국무역협회,MM,8.3.1 국별수출,023Y001,000Y014,20220324,1189
Y,한국무역협회,MM,8.3.2 국별수입,023Y002,000Y014,20220324,1189
N,,,8.4.무역지수 및 교역조건지수,000Y044,000Y011,20220324,1189
Y,,MM,8.4.1 수출금액지수,099Y001,000Y044,20220324,1189
Y,,MM,8.4.2 수출물량지수,099Y002,000Y044,20220324,1189
Y,,MM,8.4.3 수입금액지수,099Y003,000Y044,20220324,1189
Y,,MM,8.4.4 수입물량지수,099Y004,000Y044,20220324,1189
Y,,MM,8.4.5 교역조건지수,099Y005,000Y044,20220324,1189
Y,,MM,8.5.외환보유액,038Y001,000Y011,20220324,1189
N,,,8.6.국제투자대조표,000Y311,000Y011,20220324,1189
Y,,YY,8.6.1 국제투자대조표,025Y009,000Y311,20220324,1189
Y,,YY,8.6.2 지역별 국제투자대조표,025Y010,000Y311,20220324,1189
Y,,YY,8.6.3 통화별 국제투자대조표,025Y011,000Y311,20220324,1189
N,,,8.7.대외채무/채권,000Y013,000Y011,20220324,1189
Y,,QQ,8.7.1 대외채무,039Y108,000Y013,20220324,1189
Y,,QQ,8.7.2 대외채권,039Y109,000Y013,20220324,1189
Y,,QQ,8.7.3 순대외채권,039Y110,000Y013,20220324,1189
N,,,8.8.환율,000Y033,000Y011,20220324,1189
N,,,8.8.1 일일환율,000Y034,000Y033,20220324,1189
Y,,DD,8.8.1.1 주요국통화의 대원화 환율,036Y001,000Y034,20220324,1189
Y,,DD,8.8.1.2 주요국통화의 대미달러 환율,036Y002,000Y034,20220324,1189
Y,,DD,8.8.1.3 원화의 대미달러 원화의 대위안,036Y003,000Y034,20220324,1189
N,,,8.8.2원화의 대미달러 원화의 대위안,000Y035,000Y033,20220324,1189
Y,,MM,8.8.2.1 주요국통화의 대원화 환율 통계자료,036Y004,000Y035,20220324,1189
Y,,MM,8.8.2.2 주요국통화의 대미달러 환율 통계자료,036Y005,000Y035,20220324,1189
Y,,MM,8.8.2.3 원화의 대미달러 원화의 대위안,036Y006,000Y035,20220324,1189
N,,,8.9.해외투자/차관,000Y115,000Y011,20220324,1189
Y,한국수출입은행,MM,8.9.1 해외직접투자,085Y013,000Y115,20220324,1189
Y,산업통상자원부,QQ,8.9.2 외국인투자,085Y014,000Y115,20220324,1189
N,,,9.기업경기/소비자동향/ 경제심리,000Y072,*,20220324,1189
N,,,9.1.기업경기실사지수,000Y101,000Y072,20220324,1189
N,,,9.1.1 기업경기실사지수,000Y104,000Y101,20220324,1189
Y,,MM,9.1.1.1 전국실적,041Y013,000Y104,20220324,1189
Y,,MM,9.1.1.2 전국전망,041Y014,000Y104,20220324,1189
Y,,MM,9.1.1.3 전국실적,041Y015,000Y104,20220324,1189
Y,,MM,9.1.1.4 전국전망,041Y016,000Y104,20220324,1189
Y,,MM,9.1.1.5 전국실적,041Y017,000Y104,20220324,1189
Y,,MM,9.1.1.6 전국전망,041Y018,000Y104,20220324,1189
N,,,9.1.2 업종별 기업경기실사지수,000Y126,000Y101,20220324,1189
Y,한국은행,MM,9.1.2.1 전국실적,041Y001,000Y126,20220324,1189
Y,한국은행,MM,9.1.2.2 전국전망,041Y002,000Y126,20220324,1189
N,,,9.1.3 업종별 기업경기실사지수,000Y102,000Y101,20220324,1189
Y,한국은행,MM,9.1.3.1 전국실적,041Y007,000Y102,20220324,1189
Y,한국은행,MM,9.1.3.2 전국전망,041Y008,000Y102,20220324,1189
N,,,9.1.4 기업경기실사지수,000Y103,000Y101,20220324,1189
Y,,MM,9.1.4.1 실적,041Y019,000Y103,20220324,1189
Y,,MM,9.1.4.2 전망,041Y020,000Y103,20220324,1189
Y,,MM,9.1.4.3 실적,041Y011,000Y103,20220324,1189
Y,,MM,9.1.4.4 전망,041Y012,000Y103,20220324,1189
N,,,9.2.소비자동향조사,000Y040,000Y072,20220324,1189
Y,한국은행,MM,9.2.1 소비자동향조사,040Y002,000Y040,20220324,1189
Y,한국은행,QQ,9.2.2 소비자동향조사,040Y001,000Y040,20220324,1189
Y,,MM,9.2.3 기대인플레이션율 ,040Y003,000Y040,20220324,1189
Y,,MM,9.2.4 소비자동향조사,040Y004,000Y040,20220324,1189
Y,,MM,9.3. 경제심리지수,042Y001,000Y072,20220324,1189
Y,,DD,9.4. 뉴스심리지수,113Y001,000Y072,20220324,1189
N,,QQ,10.국민계정,000Y551,*,20220324,1189
N,,,10.1. 주요지표,000Y552,000Y551,20220324,1189
Y,,YY,10.1.1. 연간지표,111Y002,000Y552,20220324,1189
Y,,QQ,10.1.2. 분기지표,111Y055,000Y552,20220324,1189
N,,,10.2. 원화의 대미달러 원화의 대위안,000Y553,000Y551,20220324,1189
N,,,10.2.1. 경제활동별 GDP 및 GNI,000Y554,000Y553,20220324,1189
Y,,QQ,10.2.1.1. 경제활동별 GDP 및 GNI,111Y012,000Y554,20220324,1189
Y,,QQ,10.2.1.2. 경제활동별 GDP 및 GNI,111Y013,000Y554,20220324,1189
Y,,QQ,10.2.1.3. 경제활동별 GDP 및 GNI,111Y010,000Y554,20220324,1189
Y,,QQ,10.2.1.4. 경제활동별 GDP 및 GNI,111Y011,000Y554,20220324,1189
N,,,10.2.2. 국내총생산에 대한 지출,000Y555,000Y553,20220324,1189
Y,,QQ,10.2.2.1. 국내총생산에 대한 지출,111Y016,000Y555,20220324,1189
Y,,QQ,10.2.2.2. 국내총생산에 대한 지출,111Y017,000Y555,20220324,1189
Y,,QQ,10.2.2.3. 국내총생산에 대한 지출,111Y014,000Y555,20220324,1189
Y,,QQ,10.2.2.4. 국내총생산에 대한 지출,111Y015,000Y555,20220324,1189
N,,,10.2.3. GDP 디플레이터 ,000Y556,000Y553,20220324,1189
Y,,QQ,10.2.3.1. 경제활동별 국내총생산 디플레이터,111Y046,000Y556,20220324,1189
Y,,QQ,10.2.3.2. 국내총생산에 대한 지출 디플레이터,111Y047,000Y556,20220324,1189
N,,,10.3. 원화의 대미달러 원화의 대위안,000Y557,000Y551,20220324,1189
N,,,10.3.1. 국내총생산과 지출,000Y558,000Y557,20220324,1189
Y,,YY,10.3.1.1. 국내총생산과 지출,111Y003,000Y558,20220324,1189
Y,,YY,10.3.1.2. 경제활동별 국내총부가가치와 요소소득,111Y063,000Y558,20220324,1189
N,,,10.3.2. 국민처분가능소득과 처분,000Y559,000Y557,20220324,1189
Y,,YY,10.3.2.1. 국민처분가능소득과 처분,111Y004,000Y559,20220324,1189
Y,,YY,10.3.2.2. 국민소득과 부문별 국민처분가능소득,111Y019,000Y559,20220324,1189
N,,,10.3.3. 자본거래,000Y560,000Y557,20220324,1189
Y,,YY,10.3.3.1. 자본거래,111Y005,000Y560,20220324,1189
N,,,10.3.4. 국외거래,000Y561,000Y557,20220324,1189
Y,,YY,10.3.4.1. 경상거래,111Y034,000Y561,20220324,1189
Y,,YY,10.3.4.2. 자본거래,111Y036,000Y561,20220324,1189
N,,,10.4. 원화의 대미달러 원화의 대위안,000Y563,000Y551,20220324,1189
Y,,YY,10.4.1. 제도부문별 생산계정,111Y060,000Y563,20220324,1189
Y,,YY,10.4.2. 제도부문별 소득계정,111Y061,000Y563,20220324,1189
Y,,YY,10.4.3. 제도부문별 자본계정,111Y062,000Y563,20220324,1189
N,,,10.5. GDP에 대한 성장기여도,000Y564,000Y551,20220324,1189
Y,,QQ,10.5.1. 경제활동별 성장기여도,111Y071,000Y564,20220324,1189
Y,,QQ,10.5.2. 경제활동별 성장기여도,111Y072,000Y564,20220324,1189
Y,,QQ,10.5.3. 지출항목별 성장기여도,111Y073,000Y564,20220324,1189
Y,,QQ,10.5.4. 지출항목별 성장기여도,111Y074,000Y564,20220324,1189
N,,,10.6. 총자본형성,000Y565,000Y551,20220324,1189
N,,,10.6.1. 자본재형태별 총자본형성,000Y566,000Y565,20220324,1189
Y,,QQ,10.6.1.1. 자본재형태별 총자본형성,111Y022,000Y566,20220324,1189
Y,,QQ,10.6.1.2. 자본재형태별 총자본형성,111Y023,000Y566,20220324,1189
Y,,YY,10.6.1.3. 자본재형태별 총자본형성,111Y020,000Y566,20220324,1189
Y,,QQ,10.6.1.4. 자본재형태별 총자본형성,111Y021,000Y566,20220324,1189
N,,,10.6.2. 주체별 총자본형성,000Y568,000Y565,20220324,1189
Y,,QQ,10.6.2.1. 주체별 총자본형성,111Y056,000Y568,20220324,1189
Y,,QQ,10.6.2.2. 주체별 총자본형성,111Y057,000Y568,20220324,1189
Y,,QQ,10.6.2.3. 주체별 총고정자본형성,111Y080,000Y568,20220324,1189
Y,,QQ,10.6.2.4. 주체별 총고정자본형성,111Y081,000Y568,20220324,1189
N,,,10.6.3. 경제활동별 총고정자본형성,000Y567,000Y565,20220324,1189
Y,,YY,10.6.3.1 경제활동별 총고정자본형성,111Y038,000Y567,20220324,1189
Y,,YY,10.6.3.2 경제활동별 총고정자본형성,111Y039,000Y567,20220324,1189
Y,,YY,10.6.3.3 경제활동별 자본재형태별 총고정자본형성,111Y082,000Y567,20220324,1189
N,,,10.6.4. 경제활동별 설비투자,000Y569,000Y565,20220324,1189
Y,,YY,10.6.4.1 경제활동별 설비투자,111Y069,000Y569,20220324,1189
Y,,YY,10.6.4.2 원화의 대미달러 원화의 대위안,111Y070,000Y569,20220324,1189
N,,,10.7. 최종소비지출,000Y570,000Y551,20220324,1189
N,,,10.7.1. 가계의 최종소비지출,000Y571,000Y570,20220324,1189
N,,,10.7.1.1. 가계의 목적별 최종소비지출,000Y572,000Y571,20220324,1189
Y,,QQ,10.7.1.1.1. 가계의 목적별 최종소비지출,111Y026,000Y572,20220324,1189
Y,,QQ,10.7.1.1.2. 가계의 목적별 최종소비지출,111Y027,000Y572,20220324,1189
Y,,QQ,10.7.1.1.3. 가계의 목적별 최종소비지출,111Y024,000Y572,20220324,1189
Y,,QQ,10.7.1.1.4. 가계의 목적별 최종소비지출,111Y025,000Y572,20220324,1189
N,,,10.7.1.2. 가계의 형태별 최종소비지출,000Y573,000Y571,20220324,1189
Y,,QQ,10.7.1.2.1. 가계의 형태별 최종소비지출,111Y051,000Y573,20220324,1189
Y,,QQ,10.7.1.2.2. 가계의 형태별 최종소비지출,111Y052,000Y573,20220324,1189
Y,,QQ,10.7.1.2.3. 가계의 형태별 최종소비지출,111Y028,000Y573,20220324,1189
Y,,QQ,10.7.1.2.4. 가계의 형태별 최종소비지출,111Y029,000Y573,20220324,1189
N,,,10.7.2. 가계에 봉사하는 비영리단체의 최종소비지출 및 투입·산출,000Y574,000Y570,20220324,1189
N,,,10.7.2.1. 가계에 봉사하는 비영리단체의 목적별 최종소비지출,000Y575,000Y574,20220324,1189
Y,,YY,10.7.2.1.1 가계에 봉사하는 비영리단체의 목적별 최종소비지출,111Y030,000Y575,20220324,1189
Y,,YY,10.7.2.1.2 가계에 봉사하는 비영리단체의 목적별 최종소비지출,111Y031,000Y575,20220324,1189
Y,,YY,10.7.2.2. 가계에 봉사하는 비영리단체의 목적별 투입 및 산출,111Y064,000Y574,20220324,1189
N,,,10.8. 일반정부 및 공공부문계정,000Y576,000Y551,20220324,1189
Y,,YY,10.8.1. 일반정부의 부문별 기능별 최종소비지출,111Y065,000Y576,20220324,1189
Y,,YY,10.8.2. 일반정부의 부문별 기능별 총지출 ,111Y066,000Y576,20220324,1189
Y,,YY,10.8.3. 원화의 대미달러 원화의 대위안,111Y068,000Y576,20220324,1189
N,,,10.9. 총저축과 총투자,000Y577,000Y551,20220324,1189
Y,,QQ,10.9.1. 총저축과 총투자,111Y053,000Y577,20220324,1189
Y,,QQ,10.9.2. 총저축과 총투자,111Y037,000Y577,20220324,1189
N,,,10.10. 정보통신산업,000Y578,000Y551,20220324,1189
Y,,QQ,10.10.1. 정보통신산업,111Y054,000Y578,20220324,1189
Y,,QQ,10.10.2. 정보통신산업,111Y048,000Y578,20220324,1189
Y,,YY,10.8.4. 원화의 대미달러 원화의 대위안 ,111Y067,000Y576,20220324,1189
N,,,11.자금순환,000Y010,*,20220324,1189
N,,,11.1.2008 SNA 기준,012Y000,000Y010,20220324,1189
Y,,QQ,11.1.1 금융거래표,012Y501,012Y000,20220324,1189
Y,,QQ,11.1.2 금융자산부채잔액표,012Y502,012Y000,20220324,1189
N,,,11.2.1993 SNA 기준,012Y200,000Y010,20220324,1189
Y,,QQ,11.2.1 금융거래표,012Y101,012Y200,20220324,1189
Y,,QQ,11.2.2 금융자산부채잔액표,012Y102,012Y200,20220324,1189
N,,,11.3.1968 SNA 기준 ,012Y100,000Y010,20220324,1189
Y,,QQ,11.3.1 금융거래표,012Y001,012Y100,20220324,1189
Y,,QQ,11.3.2 금융자산부채잔액표,012Y002,012Y100,20220324,1189
N,,,11.4.1968 SNA 기준 ,012Y400,000Y010,20220324,1189
Y,,YY,11.4.1 금융거래표,012Y301,012Y400,20220324,1189
Y,,YY,11.4.2 금융자산부채잔액표,012Y302,012Y400,20220324,1189
N,,,11.5.1953 SNA 기준 ,012Y300,000Y010,20220324,1189
Y,,YY,11.5.1 금융거래표,012Y201,012Y300,20220324,1189
Y,,YY,11.5.2 금융자산부채잔액표,012Y202,012Y300,20220324,1189
N,,,12.기업경영분석,000Y127,*,20220324,1189
N,,,12.1.기업경영분석지표,000Y152,000Y127,20220324,1189
Y,,YY,12.1.1 기업경영분석지표,027Y431,000Y152,20220324,1189
Y,,YY,12.1.2 기업경영분석지표,027Y331,000Y152,20220324,1189
Y,,YY,12.1.3 기업경영분석지표,027Y131,000Y152,20220324,1189
N,,,12.2.성장성에 관한지표,000Y142,000Y127,20220324,1189
Y,,YY,12.2.1 성장성에 관한 지표,027Y616,000Y142,20220324,1189
Y,,YY,12.2.2 성장성에 관한 지표,027Y516,000Y142,20220324,1189
Y,,YY,12.2.3 성장성에 관한 지표,027Y416,000Y142,20220324,1189
Y,,YY,12.2.4 성장성에 관한 지표,027Y316,000Y142,20220324,1189
Y,,YY,12.2.5 성장성에 관한 지표,027Y116,000Y142,20220324,1189
Y,,YY,12.2.6 성장성에 관한 지표,027Y117,000Y142,20220324,1189
N,,,12.3.손익의관계비율,000Y143,000Y127,20220324,1189
Y,,YY,12.3.1 손익의 관계비율,027Y618,000Y143,20220324,1189
Y,,YY,12.3.2 손익의 관계비율,027Y518,000Y143,20220324,1189
Y,,YY,12.3.3 손익의 관계비율,027Y418,000Y143,20220324,1189
Y,,YY,12.3.4 손익의 관계비율,027Y318,000Y143,20220324,1189
Y,,YY,12.3.5 손익의 관계비율,027Y118,000Y143,20220324,1189
Y,,YY,12.3.6 손익의 관계비율,027Y119,000Y143,20220324,1189
N,,,12.4.자산·자본의관계비율,000Y144,000Y127,20220324,1189
Y,,YY,12.4.1 자산·자본의 관계비율,027Y620,000Y144,20220324,1189
Y,,YY,12.4.2 자산·자본의 관계비율,027Y520,000Y144,20220324,1189
Y,,YY,12.4.3 자산·자본의 관계비율,027Y420,000Y144,20220324,1189
Y,,YY,12.4.4 자산·자본의 관계비율,027Y320,000Y144,20220324,1189
Y,,YY,12.4.5 자산·자본의 관계비율,027Y120,000Y144,20220324,1189
Y,,YY,12.4.6 자산·자본의 관계비율,027Y121,000Y144,20220324,1189
N,,,12.5.자산·자본의회전율,000Y145,000Y127,20220324,1189
Y,,YY,12.5.1 자산·자본의 회전율,027Y622,000Y145,20220324,1189
Y,,YY,12.5.2 자산·자본의 회전율,027Y522,000Y145,20220324,1189
Y,,YY,12.5.3 자산·자본의 회전율,027Y422,000Y145,20220324,1189
Y,,YY,12.5.4 자산·자본의 회전율,027Y322,000Y145,20220324,1189
Y,,YY,12.5.5 자산·자본의 회전율,027Y122,000Y145,20220324,1189
Y,,YY,12.5.6 자산·자본의 회전율,027Y123,000Y145,20220324,1189
N,,,12.6.생산성에관한지표,000Y146,000Y127,20220324,1189
Y,,YY,12.6.1 생산성에 관한 지표,027Y624,000Y146,20220324,1189
Y,,YY,12.6.2 생산성에 관한 지표,027Y524,000Y146,20220324,1189
Y,,YY,12.6.3 생산성에 관한 지표,027Y424,000Y146,20220324,1189
Y,,YY,12.6.4 생산성에 관한 지표,027Y324,000Y146,20220324,1189
Y,,YY,12.6.5 생산성에 관한 지표,027Y124,000Y146,20220324,1189
Y,,YY,12.6.6 생산성에 관한 지표,027Y224,000Y146,20220324,1189
Y,,YY,12.6.7 생산성에 관한 지표,027Y125,000Y146,20220324,1189
N,,,12.7.부가가치의 구성,000Y147,000Y127,20220324,1189
Y,,YY,12.7.1 부가가치의 구성,027Y626,000Y147,20220324,1189
Y,,YY,12.7.2 부가가치의 구성,027Y526,000Y147,20220324,1189
Y,,YY,12.7.3 부가가치의 구성,027Y426,000Y147,20220324,1189
Y,,YY,12.7.4 부가가치의 구성,027Y326,000Y147,20220324,1189
Y,,YY,12.7.5 부가가치의 구성,027Y126,000Y147,20220324,1189
Y,,YY,12.7.6 부가가치의 구성,027Y226,000Y147,20220324,1189
Y,,YY,12.7.7 부가가치의 구성,027Y127,000Y147,20220324,1189
N,,,12.8.재무상태표,000Y138,000Y127,20220324,1189
Y,,YY,12.8.1 재무상태표,027Y601,000Y138,20220324,1189
Y,,YY,12.8.2 재무상태표,027Y501,000Y138,20220324,1189
Y,,YY,12.8.3 재무상태표,027Y401,000Y138,20220324,1189
Y,,YY,12.8.4 재무상태표,027Y301,000Y138,20220324,1189
Y,,YY,12.8.5 재무상태표,027Y101,000Y138,20220324,1189
Y,,YY,12.8.6 재무상태표,027Y102,000Y138,20220324,1189
Y,,YY,12.8.7 재무상태표,027Y103,000Y138,20220324,1189
Y,,YY,12.8.8 재무상태표,027Y104,000Y138,20220324,1189
N,,,12.9.손익계산서,000Y139,000Y127,20220324,1189
Y,,YY,12.9.1 손익계산서,027Y605,000Y139,20220324,1189
Y,,YY,12.9.2 손익계산서,027Y505,000Y139,20220324,1189
Y,,YY,12.9.3 손익계산서,027Y405,000Y139,20220324,1189
Y,,YY,12.9.4 손익계산서,027Y305,000Y139,20220324,1189
Y,,YY,12.9.5 손익계산서,027Y105,000Y139,20220324,1189
Y,,YY,12.9.6 손익계산서,027Y106,000Y139,20220324,1189
Y,,YY,12.9.7 손익계산서,027Y107,000Y139,20220324,1189
Y,,YY,12.9.8 손익계산서,027Y108,000Y139,20220324,1189
N,,,12.10.제조원가명세서,000Y140,000Y127,20220324,1189
Y,,YY,12.10.1 제조원가명세서,027Y609,000Y140,20220324,1189
Y,,YY,12.10.2 제조원가명세서,027Y509,000Y140,20220324,1189
Y,,YY,12.10.3 제조원가명세서,027Y409,000Y140,20220324,1189
Y,,YY,12.10.4 제조원가명세서,027Y309,000Y140,20220324,1189
Y,,YY,12.10.5 제조원가명세서,027Y109,000Y140,20220324,1189
Y,,YY,12.10.6 제조원가명세서,027Y110,000Y140,20220324,1189
N,,,12.11.이익잉여금   처분계산서,000Y141,000Y127,20220324,1189
Y,,YY,12.11.1 이익잉여금처분계산서,027Y611,000Y141,20220324,1189
Y,,YY,12.11.2 이익잉여금처분계산서,027Y511,000Y141,20220324,1189
Y,,YY,12.11.3 이익잉여금처분계산서,027Y411,000Y141,20220324,1189
Y,,YY,12.11.4 이익잉여금처분계산서,027Y311,000Y141,20220324,1189
Y,,YY,12.11.5 이익잉여금처분계산서,027Y111,000Y141,20220324,1189
Y,,YY,12.11.6 이익잉여금처분계산서,027Y112,000Y141,20220324,1189
N,,,12.12.현금흐름표,000Y149,000Y127,20220324,1189
Y,,YY,12.12.1 현금흐름표,027Y413,000Y149,20220324,1189
Y,,YY,12.12.2 현금흐름표,027Y313,000Y149,20220324,1189
Y,,YY,12.12.3 현금흐름표,027Y113,000Y149,20220324,1189
N,,,12.13.현금흐름관련  기타주요재무항목,000Y150,000Y127,20220324,1189
Y,,YY,12.13.1 현금흐름관련기타주요재무항목,027Y414,000Y150,20220324,1189
Y,,YY,12.13.2 현금흐름관련기타주요재무항목,027Y314,000Y150,20220324,1189
Y,,YY,12.13.3 현금흐름관련기타주요재무항목,027Y114,000Y150,20220324,1189
N,,,12.14.현금흐름비율,000Y151,000Y127,20220324,1189
Y,,YY,12.14.1 현금흐름비율,027Y415,000Y151,20220324,1189
Y,,YY,12.14.2 현금흐름비율,027Y315,000Y151,20220324,1189
Y,,YY,12.14.3 현금흐름비율,027Y115,000Y151,20220324,1189
N,,,12.15. 기업경영분석,000Y153,000Y127,20220324,1189
Y,,QQ,12.15.1 성장성에 관한 지표,027Y215,000Y153,20220324,1189
Y,,QQ,12.15.2 손익의 관계비율,027Y216,000Y153,20220324,1189
Y,,QQ,12.15.3 자산 자본의 관계비율,027Y217,000Y153,20220324,1189
Y,,QQ,12.15.4 자산의 회전율,027Y218,000Y153,20220324,1189
N,,,12.16. 기업경영분석 분위수,000Y157,000Y127,20220324,1189
Y,,YY,12.16.1 기업경영분석 분위수,027Y612,000Y157,20220324,1189
Y,,YY,12.16.2 기업경영분석 분위수,027Y240,000Y157,20220324,1189
N,,,12.17. 기업경영분석,000Y154,000Y127,20220324,1189
N,,,12.17.1. 기업경영분석,000Y166,000Y154,20220324,1189
N,,,12.17.1.1. 부산,000Y450,000Y166,20220324,1189
Y,,YY,12.17.1.1.1. 성장성에 관한 지표,BA9Y616,000Y450,20220324,1189
Y,,YY,12.17.1.1.2. 손익의관계비율,BA9Y618,000Y450,20220324,1189
Y,,YY,12.17.1.1.3. 자산·자본의관계비율,BA9Y620,000Y450,20220324,1189
Y,,YY,12.17.1.1.4. 자산·자본의회전율,BA9Y622,000Y450,20220324,1189
Y,,YY,12.17.1.1.5. 생산성에관한지표,BA9Y624,000Y450,20220324,1189
Y,,YY,12.17.1.1.6. 부가가치의 구성,BA9Y626,000Y450,20220324,1189
Y,,YY,12.17.1.1.7. 재무상태표,BA9Y601,000Y450,20220324,1189
Y,,YY,12.17.1.1.8. 손익계산서,BA9Y605,000Y450,20220324,1189
Y,,YY,12.17.1.1.9. 제조원가명세서,BA9Y609,000Y450,20220324,1189
Y,,YY,12.17.1.1.10. 이익잉여금   처분계산서,BA9Y611,000Y450,20220324,1189
N,,,12.17.1.2. 대구경북,000Y451,000Y166,20220324,1189
Y,,YY,12.17.1.2.1. 성장성에 관한 지표,CA9Y616,000Y451,20220324,1189
Y,,YY,12.17.1.2.2. 손익의관계비율,CA9Y618,000Y451,20220324,1189
Y,,YY,12.17.1.2.3. 자산·자본의관계비율,CA9Y620,000Y451,20220324,1189
Y,,YY,12.17.1.2.4. 자산·자본의회전율,CA9Y622,000Y451,20220324,1189
Y,,YY,12.17.1.2.5. 생산성에관한지표,CA9Y624,000Y451,20220324,1189
Y,,YY,12.17.1.2.6. 부가가치의 구성,CA9Y626,000Y451,20220324,1189
Y,,YY,12.17.1.2.7. 재무상태표,CA9Y601,000Y451,20220324,1189
Y,,YY,12.17.1.2.8. 손익계산서,CA9Y605,000Y451,20220324,1189
Y,,YY,12.17.1.2.9. 제조원가명세서,CA9Y609,000Y451,20220324,1189
Y,,YY,12.17.1.2.10. 이익잉여금   처분계산서,CA9Y611,000Y451,20220324,1189
N,,,12.17.1.3. 광주전남,000Y452,000Y166,20220324,1189
Y,,YY,12.17.1.3.1. 성장성에 관한 지표,FA9Y616,000Y452,20220324,1189
Y,,YY,12.17.1.3.2. 손익의관계비율,FA9Y618,000Y452,20220324,1189
Y,,YY,12.17.1.3.3. 자산·자본의관계비율,FA9Y620,000Y452,20220324,1189
Y,,YY,12.17.1.3.4. 자산·자본의회전율,FA9Y622,000Y452,20220324,1189
Y,,YY,12.17.1.3.5. 생산성에관한지표,FA9Y624,000Y452,20220324,1189
Y,,YY,12.17.1.3.6. 부가가치의 구성,FA9Y626,000Y452,20220324,1189
Y,,YY,12.17.1.3.7. 재무상태표,FA9Y601,000Y452,20220324,1189
Y,,YY,12.17.1.3.8. 손익계산서,FA9Y605,000Y452,20220324,1189
Y,,YY,12.17.1.3.9. 제조원가명세서,FA9Y609,000Y452,20220324,1189
Y,,YY,12.17.1.3.10. 이익잉여금   처분계산서,FA9Y611,000Y452,20220324,1189
N,,,12.17.1.4. 대전충남,000Y453,000Y166,20220324,1189
Y,,YY,12.17.1.4.1. 성장성에 관한 지표,EA9Y616,000Y453,20220324,1189
Y,,YY,12.17.1.4.2. 손익의관계비율,EA9Y618,000Y453,20220324,1189
Y,,YY,12.17.1.4.3. 자산·자본의관계비율,EA9Y620,000Y453,20220324,1189
Y,,YY,12.17.1.4.4. 자산·자본의회전율,EA9Y622,000Y453,20220324,1189
Y,,YY,12.17.1.4.5. 생산성에관한지표,EA9Y624,000Y453,20220324,1189
Y,,YY,12.17.1.4.6. 부가가치의 구성,EA9Y626,000Y453,20220324,1189
Y,,YY,12.17.1.4.7. 재무상태표,EA9Y601,000Y453,20220324,1189
Y,,YY,12.17.1.4.8. 손익계산서,EA9Y605,000Y453,20220324,1189
Y,,YY,12.17.1.4.9. 제조원가명세서,EA9Y609,000Y453,20220324,1189
Y,,YY,12.17.1.4.10. 이익잉여금   처분계산서,EA9Y611,000Y453,20220324,1189
N,,,12.17.1.5. 충북,000Y454,000Y166,20220324,1189
Y,,YY,12.17.1.5.1. 성장성에 관한 지표,NA9Y616,000Y454,20220324,1189
Y,,YY,12.17.1.5.2. 손익의관계비율,NA9Y618,000Y454,20220324,1189
Y,,YY,12.17.1.5.3. 자산·자본의관계비율,NA9Y620,000Y454,20220324,1189
Y,,YY,12.17.1.5.4. 자산·자본의회전율,NA9Y622,000Y454,20220324,1189
Y,,YY,12.17.1.5.5. 생산성에관한지표,NA9Y624,000Y454,20220324,1189
Y,,YY,12.17.1.5.6. 부가가치의 구성,NA9Y626,000Y454,20220324,1189
Y,,YY,12.17.1.5.7. 재무상태표,NA9Y601,000Y454,20220324,1189
Y,,YY,12.17.1.5.8. 손익계산서,NA9Y605,000Y454,20220324,1189
Y,,YY,12.17.1.5.9. 제조원가명세서,NA9Y609,000Y454,20220324,1189
Y,,YY,12.17.1.5.10. 이익잉여금   처분계산서,NA9Y611,000Y454,20220324,1189
N,,,12.17.1.6. 강원,000Y455,000Y166,20220324,1189
Y,,YY,12.17.1.6.1. 성장성에 관한 지표,MA9Y616,000Y455,20220324,1189
Y,,YY,12.17.1.6.2. 손익의관계비율,MA9Y618,000Y455,20220324,1189
Y,,YY,12.17.1.6.3. 자산·자본의관계비율,MA9Y620,000Y455,20220324,1189
Y,,YY,12.17.1.6.4. 자산·자본의회전율,MA9Y622,000Y455,20220324,1189
Y,,YY,12.17.1.6.5. 생산성에관한지표,MA9Y624,000Y455,20220324,1189
Y,,YY,12.17.1.6.6. 부가가치의 구성,MA9Y626,000Y455,20220324,1189
Y,,YY,12.17.1.6.7. 재무상태표,MA9Y601,000Y455,20220324,1189
Y,,YY,12.17.1.6.8. 손익계산서,MA9Y605,000Y455,20220324,1189
Y,,YY,12.17.1.6.9. 제조원가명세서,MA9Y609,000Y455,20220324,1189
Y,,YY,12.17.1.6.10. 이익잉여금   처분계산서,MA9Y611,000Y455,20220324,1189
N,,,12.17.1.7. 인천,000Y456,000Y166,20220324,1189
Y,,YY,12.17.1.7.1. 성장성에 관한 지표,DA9Y616,000Y456,20220324,1189
Y,,YY,12.17.1.7.2. 손익의관계비율,DA9Y618,000Y456,20220324,1189
Y,,YY,12.17.1.7.3. 자산·자본의관계비율,DA9Y620,000Y456,20220324,1189
Y,,YY,12.17.1.7.4. 자산·자본의회전율,DA9Y622,000Y456,20220324,1189
Y,,YY,12.17.1.7.5. 생산성에관한지표,DA9Y624,000Y456,20220324,1189
Y,,YY,12.17.1.7.6. 부가가치의 구성,DA9Y626,000Y456,20220324,1189
Y,,YY,12.17.1.7.7. 재무상태표,DA9Y601,000Y456,20220324,1189
Y,,YY,12.17.1.7.8. 손익계산서,DA9Y605,000Y456,20220324,1189
Y,,YY,12.17.1.7.9. 제조원가명세서,DA9Y609,000Y456,20220324,1189
Y,,YY,12.17.1.7.10. 이익잉여금   처분계산서,DA9Y611,000Y456,20220324,1189
N,,,12.17.1.8. 제주,000Y457,000Y166,20220324,1189
Y,,YY,12.17.1.8.1. 성장성에 관한 지표,UA9Y616,000Y457,20220324,1189
Y,,YY,12.17.1.8.2. 손익의관계비율,UA9Y618,000Y457,20220324,1189
Y,,YY,12.17.1.8.3. 자산·자본의관계비율,UA9Y620,000Y457,20220324,1189
Y,,YY,12.17.1.8.4. 자산·자본의회전율,UA9Y622,000Y457,20220324,1189
Y,,YY,12.17.1.8.5. 생산성에관한지표,UA9Y624,000Y457,20220324,1189
Y,,YY,12.17.1.8.6. 부가가치의 구성,UA9Y626,000Y457,20220324,1189
Y,,YY,12.17.1.8.7. 재무상태표,UA9Y601,000Y457,20220324,1189
Y,,YY,12.17.1.8.8. 손익계산서,UA9Y605,000Y457,20220324,1189
Y,,YY,12.17.1.8.9. 제조원가명세서,UA9Y609,000Y457,20220324,1189
N,,,12.17.1.9. 경기,000Y458,000Y166,20220324,1189
Y,,YY,12.17.1.9.1. 성장성에 관한 지표,LA9Y616,000Y458,20220324,1189
Y,,YY,12.17.1.9.2. 손익의관계비율,LA9Y618,000Y458,20220324,1189
Y,,YY,12.17.1.9.3. 자산·자본의관계비율,LA9Y620,000Y458,20220324,1189
Y,,YY,12.17.1.9.4. 자산·자본의회전율,LA9Y622,000Y458,20220324,1189
Y,,YY,12.17.1.9.5. 생산성에관한지표,LA9Y624,000Y458,20220324,1189
Y,,YY,12.17.1.9.6. 부가가치의 구성,LA9Y626,000Y458,20220324,1189
Y,,YY,12.17.1.9.7. 재무상태표,LA9Y601,000Y458,20220324,1189
Y,,YY,12.17.1.9.8. 손익계산서,LA9Y605,000Y458,20220324,1189
Y,,YY,12.17.1.9.9. 제조원가명세서,LA9Y609,000Y458,20220324,1189
Y,,YY,12.17.1.9.10. 이익잉여금   처분계산서,LA9Y611,000Y458,20220324,1189
N,,,12.17.1.10. 경남,000Y459,000Y166,20220324,1189
Y,,YY,12.17.1.10.1. 성장성에 관한 지표,TA9Y616,000Y459,20220324,1189
Y,,YY,12.17.1.10.2. 손익의관계비율,TA9Y618,000Y459,20220324,1189
Y,,YY,12.17.1.10.3. 자산·자본의관계비율,TA9Y620,000Y459,20220324,1189
Y,,YY,12.17.1.10.4. 자산·자본의회전율,TA9Y622,000Y459,20220324,1189
Y,,YY,12.17.1.10.5. 생산성에관한지표,TA9Y624,000Y459,20220324,1189
Y,,YY,12.17.1.10.6. 부가가치의 구성,TA9Y626,000Y459,20220324,1189
Y,,YY,12.17.1.10.7. 재무상태표,TA9Y601,000Y459,20220324,1189
Y,,YY,12.17.1.10.8. 손익계산서,TA9Y605,000Y459,20220324,1189
Y,,YY,12.17.1.10.9. 제조원가명세서,TA9Y609,000Y459,20220324,1189
N,,,12.17.1.11. 울산,000Y460,000Y166,20220324,1189
Y,,YY,12.17.1.11.1. 성장성에 관한 지표,GA9Y616,000Y460,20220324,1189
Y,,YY,12.17.1.11.2. 손익의관계비율,GA9Y618,000Y460,20220324,1189
Y,,YY,12.17.1.11.3. 자산·자본의관계비율,GA9Y620,000Y460,20220324,1189
Y,,YY,12.17.1.11.4. 자산·자본의회전율,GA9Y622,000Y460,20220324,1189
Y,,YY,12.17.1.11.5. 생산성에관한지표,GA9Y624,000Y460,20220324,1189
Y,,YY,12.17.1.11.6. 부가가치의 구성,GA9Y626,000Y460,20220324,1189
Y,,YY,12.17.1.11.7. 재무상태표,GA9Y601,000Y460,20220324,1189
Y,,YY,12.17.1.11.8. 손익계산서,GA9Y605,000Y460,20220324,1189
Y,,YY,12.17.1.11.9. 제조원가명세서,GA9Y609,000Y460,20220324,1189
Y,,YY,12.17.1.11.10. 이익잉여금   처분계산서,GA9Y611,000Y460,20220324,1189
N,,,12.17.2. 기업경영분석,000Y165,000Y154,20220324,1189
N,,,12.17.2.1. 부산,000Y260,000Y165,20220324,1189
Y,,YY,12.17.2.1.1. 성장성에 관한 지표,BA9Y516,000Y260,20220324,1189
Y,,YY,12.17.2.1.2. 손익의관계비율,BA9Y518,000Y260,20220324,1189
Y,,YY,12.17.2.1.3. 자산·자본의관계비율,BA9Y520,000Y260,20220324,1189
Y,,YY,12.17.2.1.4. 자산·자본의회전율,BA9Y522,000Y260,20220324,1189
Y,,YY,12.17.2.1.5. 생산성에관한지표,BA9Y524,000Y260,20220324,1189
Y,,YY,12.17.2.1.6. 부가가치의 구성,BA9Y526,000Y260,20220324,1189
Y,,YY,12.17.2.1.7. 재무상태표,BA9Y501,000Y260,20220324,1189
Y,,YY,12.17.2.1.8. 손익계산서,BA9Y505,000Y260,20220324,1189
Y,,YY,12.17.2.1.9. 제조원가명세서,BA9Y509,000Y260,20220324,1189
Y,,YY,12.17.2.1.10. 이익잉여금   처분계산서,BA9Y511,000Y260,20220324,1189
N,,,12.17.2.2. 대구경북,000Y261,000Y165,20220324,1189
Y,,YY,12.17.2.2.1. 성장성에 관한 지표,CA9Y516,000Y261,20220324,1189
Y,,YY,12.17.2.2.2. 손익의관계비율,CA9Y518,000Y261,20220324,1189
Y,,YY,12.17.2.2.3. 자산·자본의관계비율,CA9Y520,000Y261,20220324,1189
Y,,YY,12.17.2.2.4. 자산·자본의회전율,CA9Y522,000Y261,20220324,1189
Y,,YY,12.17.2.2.5. 생산성에관한지표,CA9Y524,000Y261,20220324,1189
Y,,YY,12.17.2.2.6. 부가가치의 구성,CA9Y526,000Y261,20220324,1189
Y,,YY,12.17.2.2.7. 재무상태표,CA9Y501,000Y261,20220324,1189
Y,,YY,12.17.2.2.8. 손익계산서,CA9Y505,000Y261,20220324,1189
Y,,YY,12.17.2.2.9. 제조원가명세서,CA9Y509,000Y261,20220324,1189
Y,,YY,12.17.2.2.10. 이익잉여금   처분계산서,CA9Y511,000Y261,20220324,1189
N,,,12.17.2.3. 광주전남,000Y262,000Y165,20220324,1189
Y,,YY,12.17.2.3.1. 성장성에 관한 지표,FA9Y516,000Y262,20220324,1189
Y,,YY,12.17.2.3.2. 손익의관계비율,FA9Y518,000Y262,20220324,1189
Y,,YY,12.17.2.3.3. 자산·자본의관계비율,FA9Y520,000Y262,20220324,1189
Y,,YY,12.17.2.3.4. 자산·자본의회전율,FA9Y522,000Y262,20220324,1189
Y,,YY,12.17.2.3.5. 생산성에관한지표,FA9Y524,000Y262,20220324,1189
Y,,YY,12.17.2.3.6. 부가가치의 구성,FA9Y526,000Y262,20220324,1189
Y,,YY,12.17.2.3.7. 재무상태표,FA9Y501,000Y262,20220324,1189
Y,,YY,12.17.2.3.8. 손익계산서,FA9Y505,000Y262,20220324,1189
Y,,YY,12.17.2.3.9. 제조원가명세서,FA9Y509,000Y262,20220324,1189
Y,,YY,12.17.2.3.10. 이익잉여금   처분계산서,FA9Y511,000Y262,20220324,1189
N,,,12.17.2.4. 대전충남,000Y263,000Y165,20220324,1189
Y,,YY,12.17.2.4.1. 성장성에 관한 지표,EA9Y516,000Y263,20220324,1189
Y,,YY,12.17.2.4.2. 손익의관계비율,EA9Y518,000Y263,20220324,1189
Y,,YY,12.17.2.4.3. 자산·자본의관계비율,EA9Y520,000Y263,20220324,1189
Y,,YY,12.17.2.4.4. 자산·자본의회전율,EA9Y522,000Y263,20220324,1189
Y,,YY,12.17.2.4.5. 생산성에관한지표,EA9Y524,000Y263,20220324,1189
Y,,YY,12.17.2.4.6. 부가가치의 구성,EA9Y526,000Y263,20220324,1189
Y,,YY,12.17.2.4.7. 재무상태표,EA9Y501,000Y263,20220324,1189
Y,,YY,12.17.2.4.8. 손익계산서,EA9Y505,000Y263,20220324,1189
Y,,YY,12.17.2.4.9. 제조원가명세서,EA9Y509,000Y263,20220324,1189
Y,,YY,12.17.2.4.10. 이익잉여금   처분계산서,EA9Y511,000Y263,20220324,1189
N,,,12.17.2.5. 충북,000Y264,000Y165,20220324,1189
Y,,YY,12.17.2.5.1. 성장성에 관한 지표,NA9Y516,000Y264,20220324,1189
Y,,YY,12.17.2.5.2. 손익의관계비율,NA9Y518,000Y264,20220324,1189
Y,,YY,12.17.2.5.3. 자산·자본의관계비율,NA9Y520,000Y264,20220324,1189
Y,,YY,12.17.2.5.4. 자산·자본의회전율,NA9Y522,000Y264,20220324,1189
Y,,YY,12.17.2.5.5. 생산성에관한지표,NA9Y524,000Y264,20220324,1189
Y,,YY,12.17.2.5.6. 부가가치의 구성,NA9Y526,000Y264,20220324,1189
Y,,YY,12.17.2.5.7. 재무상태표,NA9Y501,000Y264,20220324,1189
Y,,YY,12.17.2.5.8. 손익계산서,NA9Y505,000Y264,20220324,1189
Y,,YY,12.17.2.5.9. 제조원가명세서,NA9Y509,000Y264,20220324,1189
Y,,YY,12.17.2.5.10. 이익잉여금   처분계산서,NA9Y511,000Y264,20220324,1189
N,,,12.17.2.6. 강원,000Y265,000Y165,20220324,1189
Y,,YY,12.17.2.6.1. 성장성에 관한 지표,MA9Y516,000Y265,20220324,1189
Y,,YY,12.17.2.6.2. 손익의관계비율,MA9Y518,000Y265,20220324,1189
Y,,YY,12.17.2.6.3. 자산·자본의관계비율,MA9Y520,000Y265,20220324,1189
Y,,YY,12.17.2.6.4. 자산·자본의회전율,MA9Y522,000Y265,20220324,1189
Y,,YY,12.17.2.6.5. 생산성에관한지표,MA9Y524,000Y265,20220324,1189
Y,,YY,12.17.2.6.6. 부가가치의 구성,MA9Y526,000Y265,20220324,1189
Y,,YY,12.17.2.6.7. 재무상태표,MA9Y501,000Y265,20220324,1189
Y,,YY,12.17.2.6.8. 손익계산서,MA9Y505,000Y265,20220324,1189
Y,,YY,12.17.2.6.9. 제조원가명세서,MA9Y509,000Y265,20220324,1189
Y,,YY,12.17.2.6.10. 이익잉여금   처분계산서,MA9Y511,000Y265,20220324,1189
N,,,12.17.2.7. 인천,000Y266,000Y165,20220324,1189
Y,,YY,12.17.2.7.1. 성장성에 관한 지표,DA9Y516,000Y266,20220324,1189
Y,,YY,12.17.2.7.2. 손익의관계비율,DA9Y518,000Y266,20220324,1189
Y,,YY,12.17.2.7.3. 자산·자본의관계비율,DA9Y520,000Y266,20220324,1189
Y,,YY,12.17.2.7.4. 자산·자본의회전율,DA9Y522,000Y266,20220324,1189
Y,,YY,12.17.2.7.5. 생산성에관한지표,DA9Y524,000Y266,20220324,1189
Y,,YY,12.17.2.7.6. 부가가치의 구성,DA9Y526,000Y266,20220324,1189
Y,,YY,12.17.2.7.7. 재무상태표,DA9Y501,000Y266,20220324,1189
Y,,YY,12.17.2.7.8. 손익계산서,DA9Y505,000Y266,20220324,1189
Y,,YY,12.17.2.7.9. 제조원가명세서,DA9Y509,000Y266,20220324,1189
Y,,YY,12.17.2.7.10. 이익잉여금   처분계산서,DA9Y511,000Y266,20220324,1189
N,,,12.17.2.8. 제주,000Y267,000Y165,20220324,1189
Y,,YY,12.17.2.8.1. 성장성에 관한 지표,UA9Y516,000Y267,20220324,1189
Y,,YY,12.17.2.8.2. 손익의관계비율,UA9Y518,000Y267,20220324,1189
Y,,YY,12.17.2.8.3. 자산·자본의관계비율,UA9Y520,000Y267,20220324,1189
Y,,YY,12.17.2.8.4. 자산·자본의회전율,UA9Y522,000Y267,20220324,1189
Y,,YY,12.17.2.8.5. 생산성에관한지표,UA9Y524,000Y267,20220324,1189
Y,,YY,12.17.2.8.6. 부가가치의 구성,UA9Y526,000Y267,20220324,1189
Y,,YY,12.17.2.8.7. 재무상태표,UA9Y501,000Y267,20220324,1189
Y,,YY,12.17.2.8.8. 손익계산서,UA9Y505,000Y267,20220324,1189
Y,,YY,12.17.2.8.9. 제조원가명세서,UA9Y509,000Y267,20220324,1189
N,,,12.17.2.9. 경기,000Y268,000Y165,20220324,1189
Y,,YY,12.17.2.9.1. 성장성에 관한 지표,LA9Y516,000Y268,20220324,1189
Y,,YY,12.17.2.9.2. 손익의관계비율,LA9Y518,000Y268,20220324,1189
Y,,YY,12.17.2.9.3. 자산·자본의관계비율,LA9Y520,000Y268,20220324,1189
Y,,YY,12.17.2.9.4. 자산·자본의회전율,LA9Y522,000Y268,20220324,1189
Y,,YY,12.17.2.9.5. 생산성에관한지표,LA9Y524,000Y268,20220324,1189
Y,,YY,12.17.2.9.6. 부가가치의 구성,LA9Y526,000Y268,20220324,1189
Y,,YY,12.17.2.9.7. 재무상태표,LA9Y501,000Y268,20220324,1189
Y,,YY,12.17.2.9.8. 손익계산서,LA9Y505,000Y268,20220324,1189
Y,,YY,12.17.2.9.9. 제조원가명세서,LA9Y509,000Y268,20220324,1189
Y,,YY,12.17.2.9.10. 이익잉여금   처분계산서,LA9Y511,000Y268,20220324,1189
N,,,12.17.2.10. 경남,000Y269,000Y165,20220324,1189
Y,,YY,12.17.2.10.1. 성장성에 관한 지표,TA9Y516,000Y269,20220324,1189
Y,,YY,12.17.2.10.2. 손익의관계비율,TA9Y518,000Y269,20220324,1189
Y,,YY,12.17.2.10.3. 자산·자본의관계비율,TA9Y520,000Y269,20220324,1189
Y,,YY,12.17.2.10.4. 자산·자본의회전율,TA9Y522,000Y269,20220324,1189
Y,,YY,12.17.2.10.5. 생산성에관한지표,TA9Y524,000Y269,20220324,1189
Y,,YY,12.17.2.10.6. 부가가치의 구성,TA9Y526,000Y269,20220324,1189
Y,,YY,12.17.2.10.7. 재무상태표,TA9Y501,000Y269,20220324,1189
Y,,YY,12.17.2.10.8. 손익계산서,TA9Y505,000Y269,20220324,1189
Y,,YY,12.17.2.10.9. 제조원가명세서,TA9Y509,000Y269,20220324,1189
N,,,12.17.2.11. 울산,000Y270,000Y165,20220324,1189
Y,,YY,12.17.2.11.1. 성장성에 관한 지표,GA9Y516,000Y270,20220324,1189
Y,,YY,12.17.2.11.2. 손익의관계비율,GA9Y518,000Y270,20220324,1189
Y,,YY,12.17.2.11.3. 자산·자본의관계비율,GA9Y520,000Y270,20220324,1189
Y,,YY,12.17.2.11.4. 자산·자본의회전율,GA9Y522,000Y270,20220324,1189
Y,,YY,12.17.2.11.5. 생산성에관한지표,GA9Y524,000Y270,20220324,1189
Y,,YY,12.17.2.11.6. 부가가치의 구성,GA9Y526,000Y270,20220324,1189
Y,,YY,12.17.2.11.7. 재무상태표,GA9Y501,000Y270,20220324,1189
Y,,YY,12.17.2.11.8. 손익계산서,GA9Y505,000Y270,20220324,1189
Y,,YY,12.17.2.11.9. 제조원가명세서,GA9Y509,000Y270,20220324,1189
Y,,YY,12.17.2.11.10. 이익잉여금   처분계산서,GA9Y511,000Y270,20220324,1189
Y,,,13.산업연관표,000Y030,*,20220324,1189
N,,,14.국민대차대조표,000Y470,*,20220324,1189
N,,,14.1.자산별 자본스톡,000Y471,000Y470,20220324,1189
Y,,YY,14.1.1 자산별 순자본스톡,104Y401,000Y471,20220324,1189
Y,,YY,14.1.2 자산별 순자본스톡,104Y402,000Y471,20220324,1189
Y,,YY,14.1.3 자산별 생산자본스톡,104Y403,000Y471,20220324,1189
Y,,YY,14.1.4 자산별 생산자본스톡,104Y404,000Y471,20220324,1189
N,,,14.2.제도부문별 대차대조표,000Y472,000Y470,20220324,1189
Y,,YY,14.2.1 제도부문별 대차대조표,104Y405,000Y472,20220324,1189
Y,,YY,14.2.2 자산/부채의 증감,104Y406,000Y472,20220324,1189
Y,,YY,14.2.3 순자산 증감,104Y407,000Y472,20220324,1189
N,,,14.3.제도부문별 순자본스톡,000Y473,000Y470,20220324,1189
Y,,YY,14.3.1 제도부문별 순자본스톡,104Y408,000Y473,20220324,1189
N,,,14.4.제도부문별 비금융자산별 보유손익,000Y474,000Y470,20220324,1189
Y,,YY,14.4.1 제도부문별 비금융자산별 명목보유손익,104Y409,000Y474,20220324,1189
Y,,YY,14.4.2 제도부문별 비금융자산별 중립보유손익,104Y410,000Y474,20220324,1189
Y,,YY,14.4.3 제도부문별 비금융자산별 실질보유손익,104Y411,000Y474,20220324,1189
N,,,14.5.제도부문별 생산자본스톡,000Y475,000Y470,20220324,1189
Y,,YY,14.5.1 제도부문별 생산자본스톡,104Y412,000Y475,20220324,1189
Y,,YY,14.5.2 제도부문별 생산자본스톡,104Y413,000Y475,20220324,1189
N,,,14.6.제도부문별 자본서비스물량지수,000Y476,000Y470,20220324,1189
Y,,YY,14.6.1 제도부문별 연쇄라스파이레스 자본서비스물량지수,104Y414,000Y476,20220324,1189
Y,,YY,14.6.2 제도부문별 연쇄통크비스트 자본서비스물량지수,104Y415,000Y476,20220324,1189
Y,,YY,14.6.3 제도부문별 자본사용자비용 비중,104Y416,000Y476,20220324,1189
N,,,14.7.경제활동별 순자본스톡,000Y477,000Y470,20220324,1189
Y,,YY,14.7.1 경제활동별 순자본스톡,104Y417,000Y477,20220324,1189
Y,,YY,14.7.2 경제활동별 순자본스톡,104Y418,000Y477,20220324,1189
N,,,14.8.경제활동별 생산자본스톡,000Y478,000Y470,20220324,1189
Y,,YY,14.8.1 경제활동별 생산자본스톡,104Y419,000Y478,20220324,1189
Y,,YY,14.8.2 경제활동별 생산자본스톡,104Y420,000Y478,20220324,1189
N,,,14.9.경제활동별 자본서비스물량지수,000Y479,000Y470,20220324,1189
Y,,YY,14.9.1 경제활동별 연쇄라스파이레스 자본서비스물량지수,104Y421,000Y479,20220324,1189
Y,,YY,14.9.2 경제활동별 연쇄통크비스트 자본서비스물량지수,104Y422,000Y479,20220324,1189
Y,,YY,14.9.3 경제활동별 자본사용자비용 비중,104Y423,000Y479,20220324,1189
Y,,YY,14.10.주택 시가총액,104Y424,000Y470,20220324,1189
Y,,YY,14.11.시도별 토지자산 순자본스톡,104Y425,000Y470,20220324,1189
N,,,15.대출행태서베이,000Y093,*,20220324,1189
Y,,QQ,15.1.대출태도,093Y001,000Y093,20220324,1189
Y,,QQ,15.2.신용위험,093Y002,000Y093,20220324,1189
Y,,QQ,15.3.대출수요,093Y003,000Y093,20220324,1189
N,,,16.산업 및 고용,000Y080,*,20220324,1189
N,,,16.1.산업일반,000Y081,000Y080,20220324,1189
Y,통계청,YY,16.1.1 산업별 사업체수 및 종사자수,085Y058,000Y081,20220324,1189
Y,통계청,MM,16.1.2 전산업생산지수,080Y102,000Y081,20220324,1189
Y,통계청 ,MM,16.1.3 설비투자지수,085Y025,000Y081,20220324,1189
Y,통계청 ,MM,16.1.4 경기종합지수,085Y026,000Y081,20220324,1189
N,,,16.2.농림어업,000Y082,000Y080,20220324,1189
Y,통계청,YY,16.2.1 농림생산지수,080Y007,000Y082,20220324,1189
Y,통계청,MM,16.2.2 어획량,080Y009,000Y082,20220324,1189
Y,통계청 ,YY,16.2.3 농어가인구 및 가구수,085Y027,000Y082,20220324,1189